Падаан,Огноо,Харилцагч,Бараа,Буцаалт,төлөх дүн,
3148,1/3/2023,Номин-УИД,"753,618.13",,"753,618.13",
3149,,Номин-Андууд,"426,576.30",,"426,576.30",
3150,,Номин-10 ХАС,"639,864.45","28,438.42","611,426.03",
3159,1/4/2023,Номин-Нисэх,"483,453.14","42,657.63","440,795.51",
3158,,Номин-Яармаг,"483,453.14","14,219.21","469,233.93",
3163,1/5/2023,Номин зүүн 4 зам,"511,891.56","14,219.21","497,672.35",
3164,1/5/2023,Номин өргөө,"270,164.99",,"270,164.99",
3177,1/6/2023,Номин-УИД,"327,041.83",,"327,041.83",
3187,,Номин-ривер,"469,233.93","28,438.42","440,795.51",
3185,,Номин зайсан,"412,357.09","28,438.42","383,918.67",
3188,,Номин их монгол,"526,110.77",14219.21,"511,891.56",
3190,1/9/2023,Номин-УИД,"497,672.35",,"497,672.35",
3189,,Номин-11,"284,384.20",,"284,384.20",
3204,1/11/2023,Номин замын үүд,"1,279,728.90",14219.21,"1,265,509.69",
3208,1/12/2023,Номин зүүн 4 зам,"270,164.99",14219.21,"255,945.78",
3212,1/12/2023,Номин юнайтед,"497,672.35",,"497,672.35",
3223,1/13/2023,Номин-Өргөө,"142,192.10",,"142,192.10",
3220,1/13/2023,Номин-32,"497,672.35","127,972.89","369,699.46",
3221,1/13/2023,Номин зунжин,"824,714.18","113,753.68","710,960.50",
3235,1/15/2023,Номин-УИД,"611,426.03",,"611,426.03",
3240,1/15/2023,Номин,"597,206.82","85,315.26","511,891.56",
3236,1/15/2023,Номин Наадам,"853,152.60","14,219.21","838,933.39",
3238,1/15/2023,Номин-РивэрГардэн,"554,549.19","28,438.42","526,110.77",
3239,1/15/2023,Номин их монгол,"398,137.88","14,219.21","383,918.67",
3243,1/15/2023,Номин-11,"199,068.94",,"199,068.94",
3245,1/16/2023,Номин-яармаг,"312,822.62",,"312,822.62",
3246,1/16/2023,Номин седар,"991,393.12","42,657.63","948,735.49",
3253,1/18/2023,Номин нарны хороолол,"327,041.83","42,657.63","284,384.20",
3263,1/19/2023,Номин-УИД,"717,276.55",,"717,276.55",
3266,,Номин-Андууд,"241,726.57","14,219.21","227,507.36",
3267,,Номин-Өргөө,"312,822.62",,"312,822.62",
3270,1/20/2023,Номин 10 хас,"554,549.19","28,438.42","526,110.77",
3272,,Номин москва,"455,014.72","127,972.89","327,041.83",
3271,,Номин өнөр,"284,384.20","14,219.21","270,164.99",
3281,1/21/2023,Номин Наадам,"398,137.88",28438.42,"369,699.46",
3280,,Номин-РивэрГардэн,"284,384.20",28438.42,"255,945.78",
3282,1/21/2023,Номин их монгол,"440,795.51","14,219.21","426,576.30",
3289,1/23/2023,Номин-УИД,"383,918.67","71,096.05",,
3294,,Номин-32,"142,192.10",,"142,192.10",
3288,,Номин-11,"255,945.78","28,438.42","227,507.36",
3296,,Номин-Зунжин,"796,275.76",,"796,275.76",
3308,1/26/2023,Номин Нисэх,"184,849.73",,"184,849.73",
3306,1/26/2023,Номин яармаг,"369,699.46",,"369,699.46",
3315,1/27/2023,Номин-Зүүн 4 зам,"426,576.30","42,657.63","383,918.67",
3316,1/27/2023,Номин-Sky БЗД,"312,822.62",,"312,822.62",
3317,1/27/2023,Номин-Андууд,"142,192.10",,"142,192.10",
3318,1/27/2023,Номин-10 ХАС,"199,068.94",,"199,068.94",
3326,1/28/2023,Номин-19,"668,302.87","28,438.42","639,864.45",
3325,,Номин Наадам,"682,522.08",,"682,522.08",
3324,,Номин-РивэрГардэн,"327,041.83",,,
3323,,Номин их монгол,"540,329.98","14,219.21",,
3328,1/30/2023,Номин-УИД,"469,233.93","14,219.21",,
3339,1/30/2023,Номин-10 ХАС,"241,726.57",,,
3362,2/3/2023,Номин УИД,"736,710.55","14,219.21","722,491.34",
3363,,Номин өргөө,"99,534.47",,"99,534.47",
3364,,Номин москва,"341,261.04",,"341,261.04",
,,Номин дундговь,,"696,741.29","-696,741.29",
,,Номин Хөвсгөл,,"227,507.36","-227,507.36",
3369,2/4/2023,Номин наадам,"639,864.45","14,219.21","625,645.24",
3370,,Номин их монгол,"284,384.20","28,438.42","255,945.78",
3372,,Номин УИД,"213,288.15","28,438.42","184,849.73",
3371,2/6/2023,Номин 11,"383,918.67","99,534.47","284,384.20",
3393,2/8/2023,Номин-Нисэх,"327,041.83","14,219.21","312,822.62",
3390,,Номин-Яармаг,"455,014.72","42,657.63","412,357.09",
3391,,Номин-Седар,"582,987.61","42,657.63","540,329.98",
3400,2/10/2023,Номин УИД,"294,651.83",,"294,651.83",
,2/10/2023,Номин 32,,"28,438.42","-28,438.42",
3401,2/10/2023,Номин зунжин,"483,453.14","42,657.63","440,795.51",
,2/11/2023,Номин Наадам,-,"71,096.05","-71,096.05",
3416,2/11/2023,Номин-РивэрГардэн,"341,261.04","28,438.42","312,822.62",
3411,2/11/2023,Номин зайсан,"426,576.30","64,618.50","361,957.80",
3409,,Номин их монгол,"426,576.30","28,438.42","398,137.88",
3420,2/13/2023,Номин УИД,"611,426.03","14,219.21","597,206.82",
3418,2/13/2023,Номин 11,"213,288.15",,"213,288.15",
3436,2/16/2023,Номин зүүн 4 зам,"560,871.56","28,438.42","532,433.14",
3444,2/17/2023,Номин-УИД,"908,454.97",,"908,454.97",
3445,2/17/2023,Номин-10 ХАС,"455,014.72","71,096.50","383,918.22",
3452,2/19/2023,Номин,"526,110.77","28,438.42","497,672.35",
3453,2/19/2023,Номин наадам,"654,083.66",,"654,083.66",
,2/19/2023,Номин-РивэрГардэн,"440,795.51","28,438.42","412,357.09",
3463,2/20/2023,Номин яармаг,"355,480.25","14,219.21","341,261.04",
3462,2/20/2023,Номин-УИД,"853,152.60",,"853,152.60",
,2/20/2023,Номин-өргөө,"71,096.05",,"71,096.05",
3480,3/3/2023,Ноимн нисэх,"440,795.51","99,534.47","341,261.04",
3477,3/3/2023,Ноимн яармаг,"142,192.10","14,219.21","127,972.89",
3479,3/3/2023,Ноимн седар,"895,810.23","86,578.47","809,231.76",
3466,3/2/2023,Номин УИД,"1,030,105.49",,"1,030,105.49",
3489,3/4/2023,Номин ривер,"788,378.92","14,219.21","774,159.71",
3488,3/4/2023,Номин их монгол,"575,090.77","85,315.26","489,775.51",
3498,3/6/2023,Номин 32,"469,233.93","142,192.10","327,041.83",
3497,3/6/2023,Номин 11,"475,556.30","28,438.42","447,117.88",
3499,,Номин зунжин,"965,331.81","113,753.68","851,578.13",
3507,3/8/2023,,"227,507.36","42,657.63","184,849.73",
3511,3/10/2023,Номин зүүн 4 зам,"518,213.93","71,096.05","447,117.88",
3512,,Номин УИД,"810,494.97","14,219.21","796,275.76",
3519,3/11/2023,Номин наадам,"824,714.18","14,219.21","810,494.97",
3521,,Номин зайсан,"554,549.19","28,438.42","526,110.77",
3530,3/13/2023,Номин УИД,"142,192.10",,"142,192.10",
3527,,Номин 10,"654,083.66",,"654,083.66",
3540,3/13/2023,Номин өргөө,"469,233.93","113,753.68","355,480.25",
3539,,Номин нарны хороолол,"241,726.57","85,315.26","156,411.31",
3541,,Номин москва,"142,192.10","99,534.47","42,657.63",
3528,,Номин өнөр,"298,603.41","85,315.26","213,288.15",
3555,3/17/2023,Номин андууд,"455,014.72","71,096.05","383,918.67",
3567,3/18/2023,Номин-19,"554,549.19",,"331,200.00",
3566,3/18/2023,Номин Наадам,"440,795.51","56,876.84","383,918.67",
3565,3/18/2023,Номин-РивэрГардэн,"489,775.51",,"489,775.51",
3564,,Номин их монгол,"639,864.45","14,219.21","625,645.24",
3571,3/20/2023,Номин-УИД,"810,494.97","14,219.21","796,275.76",
3570,,Номин 11,"426,576.30",,"426,576.30",
3572,,Номин-Яармаг,"284,384.20","85,315.26","199,068.94",
3574,,Номин-Седар,"455,014.72","65,881.26","389,133.46",
5586,3/22/2023,Номин зүүн 4 зам,"540,329.98","56,876.84","483,453.14",
3588,,Номин юнайтед,"369,699.46","184,849.73","184,849.73",
3600,3/24/2023,Номин-Билэг,"426,576.30","14,219.21",,
3601,3/24/2023,Номин-Өргөө,"184,849.73",,,
3598,3/24/2023,Номин-32,"227,507.36",,,
,,Номин зунжин,,"42,657.63",,
3611,3/25/2023,Номин Наадам,"213,288.15",,,
3609,,Номин-РивэрГардэн,"455,014.72",,,
3610,3/25/2023,Номин зайсан,"526,110.77",,,
3608,3/25/2023,Номин их монгол,"483,453.14",,,
3613,3/27/2023,Номин-УИД,"682,522.08","14,219.21",,
3614,,Номин-10 ХАС,"412,357.09","14,219.21",,
3615,,Номин москва,"412,357.09","127,972.89",,
,,авлага суутгав,,"7,584.00",,
,,авлага суутгав-Хөвсгөл,"7,584.00",-,,
3617,,Номин дархан,"639,864.45",,,
3634,3/31/2023,Номин зүүн 4 зам,"327,041.83",,,
3644,4/3/2023,Номин УИд,"298,603.41","15,482.42","283,120.99",
3647,,Номин седар,"341,261.04",,"341,261.04",
3665,4/7/2023,Номин УИд,"625,645.24","14,219.21","611,426.03",
3666,,Номин-Өргөө,"526,110.77",,"526,110.77",
3678,4/8/2023,Номин Наадам,"625,645.24","14,219.21","611,426.03",
3679,,Номин-РивэрГардэн,"398,137.88",,"398,137.88",
3677,,Номин их монгол,"540,329.98","14,219.21","526,110.77",
,4/10/2023,Номин УИд,"426,576.30",,"426,576.30",
,,Номин 32,"327,041.83","14,219.21","312,822.62",
,,Номин 11,"383,918.67",,"383,918.67",
,,Номин зунжин,"526,110.77","14,219.21","511,891.56",
,4/12/2023,Номин өнөр,"71,096.05",-,"71,096.05",
,,Номин москва,"85,315.26","14,219.21","71,096.05",
3730,,Номин замын үүд,"568,768.40",,"568,768.40",
,4/13/2023,Номин зүүн 4 зам,"412,357.09","14,219.21","398,137.88",
,,Номин өргөө,"184,849.73",,"184,849.73",
,4/14/2023,Номин Наадам,"483,453.14",,"483,453.14",
,,Номин-РивэрГардэн,"383,918.67",,"383,918.67",
,,Номин их монгол,"213,288.15",,"213,288.15",
,,Номин нарны гүүр,"568,768.40",,"568,768.40",
,4/17/2023,Номин УИд,"625,645.24",,"625,645.24",
,,Номин-Нисэх,"625,645.24",,-,
,,Номин-Яармаг,"341,261.04",,"341,261.04",
,,Номин-Седар,"284,384.20",,"284,384.20",
3732,4/19/2023,Номин Юнаитэд,"341,261.04",,"341,261.04",
,,Номин зайсан,"568,768.40","28,438.42","540,329.98",
3735,4/20/2023,Номин дархан,"910,029.44",,"910,029.44",
3742,4/21/2023,Номин-УИД,"1,038,002.33","28,438.42","1,009,563.91",
3743,4/21/2023,Номин-10 ХАС,"554,549.19","56,876.84","497,672.35",
3741,,Номин Хөвсгөл,"639,864.45",,"639,864.45",
,4/24/2023,Номин гарден,"895,810.23",,"895,810.23",
,4/28/2023,Номин нарны хороолол,"341,261.04","14,219.21",,
,4/28/2023,Номин их монгол,"654,083.66","63,199.21",,
,4/28/2023,Номин-Зүүн 4 зам,568768.4,77418.42,,
,4/28/2023,Номин-УИД,511891.56,,,
,4/28/2023,Номин-Билэг,355480.25,,,
,4/28/2023,Номин-Өргөө,582987.61,14219.21,,
,4/29/2023,Номин-19,"554,549.19",,,
,4/29/2023,Номин Наадам,"824,714.18","28,438.42",,
,4/29/2023,Номин-Зайсан,"426,576.30",,,
,4/29/2023,Номин-Яармаг,"597,206.82","113,753.68",,
,4/29/2023,Номин-Седар,"511,891.56","28,438.42",,
3155,1/4/2023,Emart Хануул,"582,400.00",,"582,400.00",
3165,1/5/2023,Emart Хороолол,"144,000.00",,"144,000.00",
3200,1/11/2023,E mart Чингис,"510,400.00",,"510,400.00",
3201,1/11/2023,E mart Хан Уул,"936,000.00",,"936,000.00",
3202,1/11/2023,E mart Хороолол,"366,400.00",,"366,400.00",
3264,1/19/2023,E mart Хан Уул,"1,374,400.00",,"1,374,400.00",
3304,1/23/2023,E mart Хан Уул,"1,380,800.00",,"1,380,800.00",-
"220,147.20",2/1/2023,E mart Хан Уул,"576,000.00",,"576,000.00",
,2/1/2023,E mart Хороолол,"288,000.00",132160,"155,840.00",
3353,2/2/2023,E mart Чингис,"144,000.00",,"144,000.00",
3384,2/8/2023,E mart Хан Уул,"936,000.00",,"936,000.00",
3399,2/9/2023,E mart Чингис,"288,000.00",,"288,000.00",
3430,2/15/2023,E mart Хан Уул,"864,000.00",,"864,000.00",
3439,2/16/2023,E mart Чингис,"144,000.00",,"144,000.00",-
3472,3/2/2023,E mart Чингис,"288,000.00",,"288,000.00",
3471,,E mart Хан Уул,"360,000.00",,"360,000.00",
3510,3/8/2023,,"1,014,400.00",,"1,014,400.00",
3509,3/8/2023,,"504,000.00",,"504,000.00",
3544,3/16/2023,E mart Чингис,"288,000.00",204160,"83,840.00",
3545,,E mart Хан Уул,"576,000.00",,"576,000.00",
3583,3/22/2023,,"942,400.00",,"942,400.00",
3584,3/22/2023,,"504,000.00",,"504,000.00",
3552,3/22/2023,,"144,000.00",,"144,000.00",
3627,3/30/2023,E mart Чингис,"1,045,840.00",,"1,045,840.00",
3628,3/30/2023,E mart Хан Уул,"1,602,080.00","160,960.00","1,441,120.00",
3626,3/30/2023,E mart Хороолол,"1,168,240.00","302,240.00","866,000.00",-
3674,4/7/2023,E mart Чингис,"1,045,840.00",,"1,045,840.00",
3676,4/7/2023,E mart Хан Уул,"1,224,000.00",,"1,224,000.00",
3675,4/7/2023,E mart Хороолол,"311,440.00",,"311,440.00",
3728,4/19/2023,E mart Хан Уул,"792,000.00",,"792,000.00",
,4/20/2023,E mart Чингис,,"441,728.00","-441,728.00",
,4/26/2023,E mart Чингис,"543,200.00",,"543,200.00",
,4/26/2023,E mart Хан Уул,"615,200.00",,"615,200.00",
,4/26/2023,E mart Хороолол,"288,000.00",,"288,000.00",-
3157,1/4/2023,Сансар 38,"388,800.00","14,400.00","374,400.00",
3162,,Сансар БЗДтовчоо,"187,200.00",,"187,200.00",
3174,1/5/2023,Сансар 26,"316,800.00","28,800.00","288,000.00",
3178,1/6/2023,Сансар 25,"172,800.00","14,400.00","158,400.00",
3195,1/9/2023,Сансар наадам,"230,400.00","28,800.00","201,600.00",
3198,,Сансар туннел,"302,400.00",,"302,400.00",
3192,,Сансар модны 2,"216,000.00","14,400.00","201,600.00",
3205,1/11/2023,Сансар 21,"345,600.00","43,200.00","302,400.00",
,,Сансар 5 шар,-,"100,800.00","-100,800.00",
3206,,Сансар 42 толгойт,"273,600.00","72,000.00","201,600.00",
3219,1/12/2023,Сансар 16,"86,400.00","28,800.00","57,600.00",
,1/13/2023,Сансар 32,,"28,800.00","-28,800.00",
3234,,Сансар 13,"374,400.00","43,200.00","331,200.00",
3232,,Сансар олимп,"187,200.00","28,800.00","158,400.00",
3244,1/16/2023,Сансар 38,"259,200.00","14,400.00","244,800.00",
3251,,Сансар 25,"201,600.00","14,400.00","187,200.00",
3261,1/18/2023,Сансар БЗДтовчоо,"475,200.00",,"475,200.00",
3295,1/23/2023,Сансар 32,"216,000.00","43,200.00","172,800.00",
3293,,Сансар 26,"316,800.00","28,800.00","288,000.00",
3313,1/26/2023,Сансар-13,"187,200.00","129,600.00","57,600.00",
3307,1/26/2023,Сансар-34 Яармаг,"504,000.00","57,600.00","446,400.00",
3114,1/26/2023,Сансар-8 Чулуун-Овоо,"259,200.00","187,200.00","72,000.00",
3331,1/30/2023,Сансар-1 түннэл,"331,200.00","43,200.00","288,000.00",
3336-37,1/30/2023,Сансар-13,"777,600.00","28,800.00","748,800.00",
3340,1/30/2023,Сансар-21 Содон хор,"273,600.00","14,400.00","259,200.00",
3344,1/30/2023,Сансар-25 УБ Их Сургууль,"144,000.00","72,000.00","72,000.00",
3349,2/1/2023,Сансар-26 Олимп хор,"129,600.00",,"129,600.00",
3359,2/2/2023,Сансар модны 2,"273,600.00","28,800.00","244,800.00",
3398,2/8/2023,Сансар олимп,"316,800.00",-,"316,800.00",
3389,2/9/2023,Сансар 38,"561,600.00",,"561,600.00",
3402,2/10/2023,Сансар туннел,"331,200.00","86,400.00","244,800.00",
3410,2/11/2023,Сансар 34,"720,000.00",,"720,000.00",
3427,2/13/2023,Сансар 15,"331,200.00","158,400.00","172,800.00",
3434,2/15/2023,Сансар 26,"129,600.00","144,000.00","-14,400.00",
3435,2/15/2023,Сансар-8 Чулуун-Овоо,"201,600.00","14,400.00","187,200.00",
3433,2/15/2023,Сансар-42 Толгойт,"144,000.00","86,400.00","57,600.00",
3440,2/16/2023,Сансар 13,"1,036,800.00","28,800.00","1,008,000.00",
3438,2/16/2023,Сансар 25,"259,200.00","28,800.00","230,400.00",
3469,3/2/2023,Сансар 26,"216,000.00","57,600.00","158,400.00",
3478,3/3/2023,Сансар 34,"950,400.00","86,400.00","864,000.00",
3476,3/3/2023,Сансар 38,"302,400.00",,"302,400.00",
3500,3/6/2023,Сансар 32,"360,000.00","72,000.00","288,000.00",
3506,3/8/2023,Сансар туннел,"230,400.00","14,400.00","216,000.00",
3516,3/10/2023,Сансар 25,"288,000.00",,"288,000.00",
3517,3/10/2023,Сансар бз товчоо,"360,000.00","72,000.00","288,000.00",
3520,3/11/2023,Сансар 15,"403,200.00",,"403,200.00",
3534,3/13/2023,Сансар 21,"489,600.00","115,200.00","374,400.00",
3532,3/13/2023,Сансар-6  /5шар/,"432,000.00","216,000.00","216,000.00",
3533,3/13/2023,Сансар-42 Толгойт,"259,200.00","43,200.00","216,000.00",
3543,3/16/2023,Сансар 13,"1,022,400.00","14,400.00","1,008,000.00",
3549,3/16/2023,Сансар 26,"302,400.00","43,200.00","259,200.00",
3551,3/16/2023,Сансар-16 Шархад,"316,800.00","129,600.00","187,200.00",
3554,3/17/2023,Сансар модны 2,"360,000.00","28,800.00","331,200.00",
3573,3/20/2023,Сансар 34,"691,200.00","100,800.00","590,400.00",
3596,3/23/2023,,"244,800.00","14,400.00","230,400.00",
3599,3/24/2023,Сансар-32,"288,000.00","43,200.00","244,800.00",
3605,3/24/2023,Сансар-26 Олимп хор,"302,400.00","57,600.00","244,800.00",
3606,,Сансар-25 УБ Их Сургууль,"259,200.00",,"259,200.00",
3607,,Сансар-BZ Товчоо,"446,400.00","14,400.00","432,000.00",
3618,3/27/2023,Сансар 21,"388,800.00","57,600.00","331,200.00",
,3/30/2023,Сансар Өвөрхангай,-,"72,000.00","-72,000.00",
3635,3/31/2023,Сансар-1 түннэл,"446,400.00","14,400.00","432,000.00",
3636,,Сансар-13,"576,000.00","57,600.00","518,400.00",
3653,4/3/2023,Сансар-15,"302,400.00","86,400.00",,
3646,,Сансар-34 Яармаг,"360,000.00","14,400.00",,
3645,,Сансар-38 Ханбогд,"460,800.00","57,600.00",,
3673,4/6/2023,Сансар-8 Чулуун-Овоо,"230,400.00","187,200.00",,
,4/12/2023,Сансар-6  /5шар/,"273,600.00","43,200.00",,
,,Сансар-42 Толгойт,"216,000.00","43,200.00",,
,4/13/2023,Сансар-1,"144,000.00","14,400.00",,
,,Сансар-13,"72,000.00",,,
,4/15/2023,Сансар-26 Олимп хор,"403,200.00",,,
,4/17/2023,Сансар-34 Яармаг,"187,200.00",,,
3739,4/20/2023,Сансар-21 Содон хор,"489,600.00","72,000.00",,
3746,4/21/2023,Сансар-26 Олимп хор,"244,800.00",,,
,4/24/2023,Сансар-25 УБ Их Сургууль,"115,200.00",,,
,4/26/2023,Сансар-34 Яармаг,"1,008,000.00","57,600.00",,
,4/26/2023,Сансар-38 Ханбогд,"417,600.00","43,200.00",,
,4/27/2023,Сансар 15 Наадам,"244,800.00","28,800.00",,
,4/27/2023,Сансар-13,"964,800.00",,,
,4/27/2023,Сансар- BZ Товчоо,"201,600.00","72,000.00",,
,4/28/2023,Сансар- 17,"374,400.00","43,200.00",,
,4/29/2023,Сансар- 26,"273,600.00","86,400.00",,
3160,1/4/2023,МД нисэх,"201,600.00","72,000.00","129,600.00",
3170,1/5/2023,МД далай ээж,"316,800.00","43,200.00","273,600.00",
3179,1/6/2023,МД 125,"705,600.00","57,600.00","648,000.00",
3186,,МД зайсан,"547,200.00","72,000.00","475,200.00",
3211,1/12/2023,МД далай ээж,"417,600.00","28,800.00","388,800.00",
3228,1/13/2023,МД зайсан,"259,200.00",-,"259,200.00",
3242,1/15/2023,МД 125,"129,600.00","43,200.00","86,400.00",
3247,1/16/2023,МД 110,"316,800.00","86,400.00","230,400.00",
3273,1/20/2023,МД-112 Саппоро,"403,200.00","86,400.00","316,800.00",
3277,,МД-108 Зайсан,"172,800.00","14,400.00","158,400.00",
3283,1/21/2023,МД 125,"388,800.00","72,000.00","316,800.00",
3298,1/23/2023,МД-117 Далай Ээж,"302,400.00",,"302,400.00",
3320,1/27/2023,МД-108 Зайсан,"446,400.00","57,600.00","388,800.00",
3329,1/30/2023,МД-117 Далай Ээж,"403,200","43,200.00","360,000.00",
3379,2/4/2023,МД 125,"892,800","86,400.00","806,400.00",
3415,2/11/2023,МД 108,"460,800","72,000.00","388,800.00",
3441,2/16/2023,МД 125,"504,000","28,800.00","475,200.00",
,2/17/2023,,,,-,
3446,2/17/2023,МД 112,"374,400",,"374,400.00",
,2/17/2023,МД нисэх,,144000,"-144,000.00",
3468,3/2/2023,МД-117 Далай Ээж,"504,000.00",,"504,000.00",
3481,3/3/2023,МД нисэх,"316,800.00","86,400.00","230,400.00",
3491,3/4/2023,МД-108 Зайсан,"273,600.00","57,600.00","216,000.00",
351,3/10/2023,МД-117 Далай Ээж,"360,000.00","72,000.00","288,000.00",
3535,3/13/2023,МД-112 Саппоро,"331,200.00",,"331,200.00",
3550,3/16/2023,МД-125,"388,800.00",-,"388,800.00",
3559,3/17/2023,МД далай ээж,"403,200.00","14,400.00","388,800.00",
3575,3/20/2023,МД 110,"172,800.00","72,000.00","100,800.00",
3589,3/22/2023,МД-108 Зайсан,"417,600.00","43,200.00","374,400.00",
3604,3/24/2023,МД-117 Далай Ээж,"374,400.00","28,800.00","345,600.00",
3619,3/27/2023,МД-112 Саппоро,"115,200.00","144,000.00","-28,800.00",
3637,3/31/2023,МД-117 Далай Ээж,"144,000.00",,"144,000.00",
3649,4/3/2023,МД 110,"216,000",72000,"144,000.00",
3657,4/6/2023,МД 125,"619,200",115200,"504,000.00",
2--4,4/10/2023,МД-117 Далай Ээж,"172,800",,"172,800.00",
,4/13/2023,МД 125,"388,800",,"388,800.00",
,,МД-112 Саппоро,,201600,"-201,600.00",
,4/20/2023,МД-117 Далай Ээж,,28800,"-28,800.00",
,4/24/2023,МД 125,"547,200",14400,"532,800.00",
,4/26/2023,МД 110,"158,400",28800,"129,600.00",
,4/28/2023,МД-117 Далай Ээж,"648,000",14400,"633,600.00",
3151,1/3/2023,Эфэс-Алтай хотхон,"518,400.00","28,800.00","489,600.00",
3152,,Эфэс-13 бөх.өргөө,"331,200.00","14,400.00","316,800.00",
3161,1/4/2023,Эфэс зайсан,"388,800.00",,"388,800.00",
3172,1/5/2023,Эфэс морьтон,"388,800.00",,"388,800.00",
3194,1/9/2023,Эфэс зайсан,"633,600.00","57,600.00","576,000.00",
3197,,Эфэс-13 бөх.өргөө,"475,200.00","43,200.00","432,000.00",
3213,1/12/2023,Эфэс морьтон,"345,600.00","43,200.00","302,400.00",
3237,1/15/2023,Эфэс зайсан,"388,800.00",,"388,800.00",
3252,1/16/2023,Эфэс-Алтай хотхон,"360,000.00",,"360,000.00",
3250,1/16/2023,Эфэс-13 бөх.өргөө,"547,200.00","14,400.00","532,800.00",
3255,1/18/2023,Эфэс морьтон,"547,200.00","14,400.00","532,800.00",
3278,1/20/2023,Эфэс зайсан,"144,000.00","43,200.00","100,800.00",
3287,1/21/2023,Эфэс-13 бөх.өргөө,"316,800.00","28,800.00","288,000.00",
3290,1/23/2023,Эфэс-Алтай хотхон,"345,600.00","14,400.00","331,200.00",
3311,1/26/2023,Эфэс-13 бөх.өргөө,"484,320.00","43,200.00","441,120.00",
3321,1/27/2023,Эфэс зайсан,"489,600.00","72,000.00","417,600.00",
3322,1/27/2023,Эфэс морьтон,"460,800.00","14,400.00","446,400.00",
3347,2/1/2023,Эфэс морьтон,"288,000.00",,"288,000.00",
3368,2/2/2023,,"417,600.00",,"417,600.00",
3365,2/3/2023,Эфэс зайсан,"489,600.00",,"489,600.00",
3377,2/4/2023,Эфэс-Алтай хотхон,"527,600.00",,"527,600.00",
3385,2/8/2023,Эфэс зайсан,"604,800.00","14,400.00","590,400.00",
3386,,Эфэс морьтон,"446,400.00",,"446,400.00",
3403,2/10/2023,,"475,200.00",,"475,200.00",
3431,2/15/2023,Эфэс зайсан,"374,400.00",,"374,400.00",
3432,2/15/2023,Эфэс морьтон,"561,600.00","43,200.00","518,400.00",
3442,2/16/2023,Эфэс 13,"388,800.00",,"388,800.00",
3449,2/17/2023,Эфэс-Алтай хотхон,"489,600.00","144,000.00","345,600.00",
3454,2/19/2023,Эфэс морьтон,"316,800.00",,"316,800.00",
3475,3/2/2023,Эфэс морьтон,"417,600.00",0,"417,600.00",
3486,3/3/2023,Эфэс зайсан,"518,400.00","28,800.00","489,600.00",
3494,3/4/2023,Эфэс 13,"489,600.00","100,800.00","388,800.00",
3518,3/10/2023,Эфэс морьтон,"604,800.00","28,800.00","576,000.00",
,3/10/2023,Эфэс зайсан,,"57,600.00","-57,600.00",
3522,3/11/2023,Эфэс зайсан,"547,200.00",-,"547,200.00",
3525,3/11/2023,Эфэс-Алтай хотхон,"187,200.00",,"187,200.00",
3547,3/16/2023,Эфэс морьтон,"388,800.00",,"388,800.00",
3568,3/18/2023,Эфэс зайсан,"388,800.00","57,600.00","331,200.00",
,3/18/2023,Эфэс-13 бөх.өргөө,,"57,600.00","-57,600.00",
3581,3/20/2023,Эфэс 13,"518,400.00","115,200.00","403,200.00",
3590,3/22/2023,Эфэс морьтон,"460,800.00",,"460,800.00",
3603,3/22/2023,Эфэс зайсан,"467,202.00","28,800.00","438,402.00",
3612,3/25/2023,Эфэс-Алтай хотхон,"662,400.00","57,600.00","604,800.00",
3622,3/27/2023,Эфэс-13 бөх.өргөө,"835,200.00","57,600.00","777,600.00",
3629,3/30/2023,Эфэс морьтон,489600,"28,800.00","460,800.00",
3642,3/31/2023,Эфэс зайсан,"417,600.00","57,600.00","360,000.00",
3655,4/6/2023,Эфэс-13 бөх.өргөө,"720,000.00",28800,,
3670,4/7/2023,Эфэс зайсан,"720,000.00",57600,,
3680,4/7/2023,Эфэс морьтон,"244,800.00",,,
2--6,4/10/2023,Эфэс-Алтай хотхон,"302,400.00",,,
,4/14/2023,Эфэс зайсан,"345,600.00",,,
,4/14/2023,Эфэс морьтон,"172,800.00",,,
3733,4/19/2023,Эфэс-Алтай хотхон,"576,000.00",28800,,
3740,4/20/2023,Эфэс зайсан,"576,000.00",86400,,
3736,4/20/2023,Эфэс-13 бөх.өргөө,"835,200.00",14400,,
3744,4/21/2023,Эфэс морьтон,"604,800.00",,,
,4/27/2023,Эфэс-Зайсан,"403,200.00",57600,,
,4/27/2023,Эфэс-13 бөх.өргөө,"331,200.00",57600,,
,4/28/2023,Эфэс-Алтай хотхон,"374,400.00",,,
,4/28/2023,Эфэс Морьтон,"259,200.00",,,
3156,1/4/2023,Цэлмүүн түшээ,"619,200.00","94,240.00","524,960.00",
3193,1/9/2023,Цэлмүүн түшээ,"705,600.00",,"705,600.00",
3225,1/13/2023,Цэлмүүн түшээ,"115,200.00","28,800.00","86,400.00",
3259,1/18/2023,Цэлмүүн түшээ,"528,800.00",,"528,800.00",
3284,1/21/2023,Цэлмүүн түшээ,"201,600.00",,"201,600.00",
3319,1/27/2023,Цэлмүүн түшээ,"576,000.00",,"576,000.00",
3367,2/3/2023,Цэлмүүн түшээ,"369,120.00","14,400.00","354,720.00",
3396,2/8/2023,Цэлмүүн түшээ,"230,400.00","14,400.00","216,000.00",
3424,2/11/2023,Цэлмүүн түшээ,"374,400.00","14,400.00","360,000.00",
3461,2/20/2023,Цэлмүүн түшээ,"460,800.00",,"460,800.00",
3470,3/2/2023,Цэлмүүн түшээ,"244,800.00","14,400.00","230,400.00",
3508,3/8/2023,Цэлмүүн түшээ,"154,400.00",,"154,400.00",
3546,3/16/2023,Цэлмүүн түшээ,"561,600.00",,"561,600.00",
3593,3/22/2023,Цэлмүүн түшээ,"244,800.00",,"244,800.00",
3624,3/27/2023,Цэлмүүн түшээ,"485,600.00",,"485,600.00",
3652,4/3/2023,Цэлмүүн түшээ,"417,600.00",,"417,600.00",
,4/10/2023,Цэлмүүн түшээ,"273,600.00",,"273,600.00",
3734,4/19/2023,Цэлмүүн түшээ,"492,160.00","14,400.00","477,760.00",
,4/24/2023,Цэлмүүн түшээ,"547,200.00",,,
3191,,Веллмарт модны 2,"201,600.00",,,
3207,1/11/2023,Веллмарт 5 шар,"273,600.00","72,000.00",,
3218,1/12/2023,Веллмарт оффицер,"216,000.00",,,
3285,1/21/2023,Веллмарт ботаник,"259,200.00","72,000.00",,
3297,1/23/2023,Веллмарт модны 2,"259,200.00","72,000.00",,
3357,2/2/2023,Веллмарт ХУД,"374,400.00","72,000.00",,
3394,2/9/2023,Веллмарт нисэх,"475,200.00","244,800.00",,
3407,2/10/2023,Веллмарт модны 2,"648,000.00","14,400.00",,
3482,3/3/2023,Веллмарт нисэх,"216,000.00","28,800.00",,
3526,3/11/2023,Веллмарт ХУД,"230,400.00","86,400.00",,
3531,3/13/2023,Веллмарт 5 шар,"403,200.00","115,200.00",,
3552,3/16/2023,Веллмарт оффицер,"115,200.00","100,800.00",-,
3553,3/17/2023,Веллмарт модны 2,"144,000.00","86,400.00",,
3563,3/17/2023,Веллмарт ботаник,"129,600.00","86,400.00",,
3616,3/27/2023,Wellmart-5шар,"172,800.00","86,400.00",,
3640,3/31/2023,Веллмарт модны 2,"446,400.00","86,400.00",,
3650,4/3/2023,Wellmart-нисэх,"129,600.00","100,800.00",,
3738,4/20/2023,Wellmart-5шар,"187,200.00",,,
,4/26/2023,Wellmart-нисэх,"288,000.00","115,200.00",,
,4/28/2023,Wellmart-Модны-2,"302,400.00","43,200.00",,
,4/28/2023,Wellmart-ХУД,"345,600.00",,,
3169,1/5/2023,Good price хүүхдийн 100,"391,360.00","28,800.00","362,560.00",
3180,1/6/2023,Good price жаргалан,"302,400.00",,"302,400.00",
3209,1/12/2023,Good price shangrila,"1,368,000.00",,"1,368,000.00",
3210,,Good price hvvhdiin 100,"489,600.00","28,800.00","460,800.00",
3226,1/13/2023,Good price жаргалан,"216,000.00",,"216,000.00",
,1/18/2023,Good price жаргалан,,"57,600.00","-57,600.00",
3260,1/18/2023,Good price бага тэнгэр,"1,080,000.00",,"1,080,000.00",
3269,1/19/2023,Good price hvvhdiin 100,"144,000.00","14,400.00","129,600.00",
3286,1/21/2023,Good price жаргалан,"158,400.00",,"158,400.00",
3299,1/23/2023,Good price hvvhdiin 100,"144,000.00","14,400.00","129,600.00",
3305,1/26/2023,Good price shangrila,"1,188,480.00",,"1,188,480.00",
3332,1/30/2023,Good price shangrila,"950,400.00","43,200.00","907,200.00",
3330,1/30/2023,Good price hvvhdiin 100,"460,800.00","43,200.00","417,600.00",
3350,2/1/2023,,"374,400.00",,,
3355,2/2/2023,Good price jargalan,"81,600.00",,"81,600.00",
3354,,Good price shangrila,"489,600.00",,"489,600.00",
3382,2/4/2023,Good price Jargalan,"288,000.00",,"288,000.00",
3381,,Good price shangrila,"561,600.00","22,240.00","539,360.00",
3373,,Good price hvvhdiin 100,"554,400.00","43,200.00","511,200.00",
3425,2/13/2023,Good price Jargalan,"158,400.00","28,800.00","129,600.00",
3421,,Good price shangrila,"784,800.00",,"784,800.00",
3447,2/17/2023,Good price hvvhdiin 100,"388,800.00","43,200.00","345,600.00",
3450,2/18/2023,Good price Jargalan,"57,600.00",,"57,600.00",
,,,,,-,
3464,2/20/2023,Good price Jargalan,"98,400.00",,"98,400.00",
3460,2/20/2023,Good price Jargalan,"888,000.00",,"888,000.00",
3465,3/2/2023,Good price shangrila,"1,750,080.00",,"1,750,080.00",
3504,3/6/2023,Good price shangrila,"830,400.00","14,400.00","816,000.00",
3537,3/13/2023,Good price Jargalan,"115,200.00",,"115,200.00",
3558,3/17/2023,Good price hvvhdiin 100,"1,063,200.00","201,600.00","861,600.00",
3561,3/17/2023,Good price бага тэнгэр,"676,800.00","230,400.00","446,400.00",
3580,3/20/2023,Good price shangrila,"691,200.00",,"691,200.00",
3594,3/22/2023,Good price Jargalan,"100,800.00","43,200.00","57,600.00",
3623,3/27/2023,Good price бага тэнгэр,"331,200.00","158,400.00","172,800.00",
3638,3/31/2023,Good price hvvhdiin 100,"691,200.00","14,400.00","676,800.00",
3654,4/3/2023,Good price Jargalan,"259,200.00","112,800.00","146,400.00",
3656,4/6/2023,Good price shangrila,"869,600.00",,,
,4/17/2023,Good price Jargalan,"129,600.00",,,
3727,4/19/2023,Good price shangrila,"1,338,240.00","69,600.00",,
,4/27/2023,Good price shangrila,"1,258,400.00",,,
,4/27/2023,Good price Baga tenger,460800,115200,,
,4/28/2023,Good price hvvhdiin 100,"446,400.00",,,
,4/29/2023,Good price Jargalan,"432,000.00",,,
3224,1/13/2023,Touten,"561,600.00",,"561,600.00",
3309,1/26/2023,Touten,"374,400.00","49,920.00","324,480.00",
3387,2/8/2023,Touten,"62,400.00","37,440.00","24,960.00",
3570,3/20/2023,Touten,"561,600.00","14,400.00","547,200.00",
3671,4/7/2023,Touten,"648,000.00",,"648,000.00",
,4/26/2023,Touten,"144,000.00",,"144,000.00",
3175,1/5/2023,LFresco,"316,800.00","28,800.00","288,000.00",
3231,1/13/2023,LFresco,"129,600.00",,"129,600.00",
3292,1/23/2023,LFresco,"187,200.00",,"187,200.00",
3426,2/13/2023,LFresco,"302,400.00","57,600.00","244,800.00",
3487,3/3/2023,LFresco,"115,200.00","72,000.00","43,200.00",
3562,3/17/2023,LFresco,"302,400.00","57,600.00","244,800.00",
3633,3/30/2023,LFresco,"72,000.00","14,400.00","57,600.00",
,4/17/2023,LFresco,"489,600.00",,"489,600.00",
,4/29/2023,LFresco,,"28,800.00","-28,800.00",
3167,1/5/2023,Унофреско,"489,600.00","57,600.00","432,000.00",
3274,1/20/2023,Унофреско,"345,600.00","43,200.00","302,400.00",
3341,1/30/2023,Унофреско,"172,800.00","43,200.00","129,600.00",
3405,2/10/2023,Унофреско,"561,600.00","72,000.00","489,600.00",
3501,3/6/2023,Унофреско,"172,800.00","57,600.00","115,200.00",
,3/27/2023,Унофреско,,"57,600.00","-57,600.00",
3557,3/17/2023,Унофреско,"345,600.00","43,200.00","302,400.00",
3669,4/7/2023,Унофреско,"504,000.00","172,800.00","331,200.00",
,4/24/2023,Унофреско,"432,000.00","43,200.00",,
3222,1/13/2023,Тэнгис,"244,800.00",,"244,800.00",
3275,1/20/2023,Тэнгис,"316,800.00","43,200.00","273,600.00",
3383,2/7/2023,Тэнгис,"230,400.00",100800,"129,600.00",
3467,3/2/2023,Тэнгис,"469,920.00",86400,"383,520.00",
3560,3/17/2023,Тэнгис,"201,600.00","72,000.00","129,600.00",
3639,3/31/2023,Тэнгис,"302,400.00","86,400.00","216,000.00",
,4/24/2023,Тэнгис,"446,400.00",28800,,
3217,1/12/2023,Тэнгэр,"388,800.00","57,600.00","331,200.00",
,2/1/2023,Тэнгэр,"604,800.00",,"604,800.00",
3505,3/6/2023,Тэнгэр,"460,800.00","201,600.00","259,200.00",
5585,3/20/2023,Тэнгэр,"403,200.00","100,800.00","302,400.00",
3748,4/21/2023,Тэнгэр,"388,800.00","144,000.00","244,800.00",
3153,1/3/2023,Хану 13,"345,600.00","28,800.00","316,800.00",
,1/5/2023,Хану 13,-,,-,
3199,1/9/2023,Хану 13,"417,600.00",,"417,600.00",
3327,1/28/2023,Хану 13,"417,600.00",,"417,600.00",
,1/30/2023,Хану 13,,,-,
,2/19/2023,Хану 13,"288,000.00",,"288,000.00",
,2/20/2023,Хану 13,-,,-,
,4/10/2023,Хану 13,"244,800.00","14,400.00","230,400.00",
,4/19/2023,Хану 13,"504,000.00",,"504,000.00",
3227,1/13/2023,Хану 13,"288,000.00","43,200.00",,
3366,2/3/2023,Хану зайсан,"475,200.00",,"475,200.00",
,4/5/2023,Хану зайсан,"397,920.00","72,000.00","325,920.00",
,4/6/2023,Хану зайсан,"43,200.00",,"43,200.00",
,4/17/2023,Хану зайсан,"115,200.00",,"115,200.00",
3154,1/3/2023,Жетро,"259,200.00","14,400.00",,
3196,1/9/2023,Жетро,"460,800.00",,,
3300,1/23/2023,Жетро,"403,200.00",,,
3338,1/30/2023,Жетро,"158,400.00",,,
3376,2/4/2023,Жетро,"345,600.00","14,400.00",,
3422,2/13/2023,Жетро,"230,400.00",,,
3513,3/10/2023,Жетро,"432,000.00","43,200.00",,
3579,3/20/2023,Жетро,"230,400.00","100,800.00",,
3641,3/31/2023,Жетро,"388,800.00",,,
,4/10/2023,Жетро,"273,600.00",,,
,4/24/2023,Жетро,"619,200.00","14,400.00",,
3176,1/5/2023,Андууд кинг,"489,600.00",,"489,600.00",
3249,1/16/2023,Андууд хүннү,"532,800.00","28,800.00","504,000.00",
3258,1/18/2023,Андууд кинг,"532,800.00","86,400.00","446,400.00",
,1/19/2023,Андууд кинг,,,-,
3334,1/30/2023,Андууд кинг,"576,000.00","14,400.00","561,600.00",
,2/13/2023,Андууд кинг,"273,600.00",,"273,600.00",
3457,2/19/2023,Андууд кинг,"345,600.00",,"345,600.00",
3523,3/11/2023,Андууд кинг,"374,400.00","43,200.00","331,200.00",
3538,3/13/2023,Андууд-Хүннү хороолол,"489,600.00",,"489,600.00",
,3/28/2023,Андууд-King,"331,200.00","28,800.00","302,400.00",
,3/28/2023,Андууд-Хүннү хороолол,"576,000.00","43,200.00","532,800.00",
,4/4/2023,Андууд-Хүннү хороолол,"576,000.00",,"576,000.00",
,4/18/2023,Андууд-Хүннү хороолол,"460,800.00",,"460,800.00",
,4/18/2023,Андууд-King,"331,200.00",,"331,200.00",
3268,1/19/2023,Ричо,"288,000.00","115,200.00","172,800.00",
3358,2/2/2023,Ричо,"86,400.00","14,400.00","72,000.00",
3459,2/19/2023,Ричо,"72,000.00",,"72,000.00",
,3/21/2023,Ричо,"331,200.00","86,400.00","244,800.00",
,4/4/2023,Ричо,"213,280.00","57,600.00","155,680.00",
,4/10/2023,Ричо,"154,400.00",,"154,400.00",
,4/19/2023,Ричо,"208,000.00",,"208,000.00",
,4/23/2023,Ричо,"100,800.00",,"100,800.00",
,4/28/2023,Ричо,"115,200.00",,"115,200.00",
,4/3/2023,Нархан Дэлгүүр - Нархан Хороолол,"230,400.00",,,
,4/4/2023,Нархан Дэлгүүр - Нархан Хороолол,"428,000.00",,,
3721,4/6/2023,Нархан Дэлгүүр - Нархан Хороолол,"57,600.00",,,
,4/18/2023,Нархан Дэлгүүр - Нархан Хороолол,"417,600.00",,,
,4/3/2023,Мишээл оюу,"158,400.00",,,
2--22,4/25/2023,Мишээл оюу,"172,800.00",,,
,4/3/2023,Чухаг 2,"426,720.00",,,
,4/18/2023,Чухаг 3,230400,,,
,4/3/2023,Шинэ Дэлгүүр-Саруул Хороолол,"72,000.00",,,
,,Шинэ Дэлгүүр-Саруул Хороолол,"44,480.00",,,
,2023.04.,Шинэ Дэлгүүр-Саруул Хороолол,"115,200.00",,,
,4/3/2023,U-mart-Олип Хороолол,"44,480.00",,,
,4/10/2023,U-mart-Олип Хороолол,"100,800.00",,,
,4/20/2023,U-mart-Олип Хороолол,"28,800.00",,,
2--21,4/25/2023,U-mart-Олип Хороолол,"297,120.00",,,
,4/4/2023,L mart,188480,,,
,4/4/2023,Баяр мини,259200,,,
,4/19/2023,Баяр мини,172800,,0,
,4/5/2023,Хэрлэн маршал хороолол,216000,,,
,,Хэрлэн зайсан,172800,,,
,4/18/2023,Хэрлэн маршал хороолол,"187,200.00",,,
2--16,4/23/2023,Хэрлэн маршал хороолол,"129,600.00",,,
2--17,,Хэрлэн зайсан,"590,400.00",,,
,4/5/2023,Туул маркет,"384,800.00",,,
,4/18/2023,Туул маркет,"230,400.00",,,
,4/24/2023,Туул маркет,"230,400.00",,,
,4/11/2023,Sunday B1-15,"397,920.00",,,
,4/15/2023,Sunday B1-16,"240,800.00",,,
,4/17/2023,Фермер A14,"288,000.00",,,
3705,4/17/2023,Bel mart,"288,000.00",,,
,4/17/2023,Good mart,"187,200.00",,,
,4/24/2023,Good mart,"57,600.00",,,
,,Good mart,,,,
,,Good mart,,,,
,4/18/2023,Алтай маркет-Саруул,"475,200.00",,,
,4/18/2023,Нархан касс,"28,800.00",,,
,4/18/2023,Нархан касс,"57,600.00",,,
,4/19/2023,GL mart,"288,000.00",,,
,4/19/2023,Натур зах,"274,880.00",,,
,4/19/2023,Green mart,"129,600.00",,,
,4/3/2023,Буянтэвх,"72,000.00",,,
,4/20/2023,Сэнтий,"102,080.00",,,
,4/23/2023,Мөрөн,"105,800.00",,,
3182,1/6/2023,Хансар,460800,43200,"417,600.00",
3230,1/13/2023,Хансар,"244,800.00",,-,
3279,1/20/2023,Хансар,"504,000.00","28,800.00","475,200.00",
3348,2/1/2023,Хансар,"187,200.00",-,"187,200.00",
3597,2/9/2023,Хансар,"216,000.00","28,800.00","187,200.00",
3456,2/19/2023,Хансар,"331,200.00",,"331,200.00",
3492,3/4/2023,Хансар,"129,600.00",14400,"115,200.00",
3569,3/18/2023,Хансар,"345,600.00","115,200.00","230,400.00",
3663,4/6/2023,Хансар,"374,400.00","86,400.00","288,000.00",
,4/27/2023,Хансар,"504,000.00","14,400.00",,
3262,1/23/2023,Наадам маркет,"302,400.00",,"302,400.00",
3542,3/16/2023,Наадам маркет,"216,000.00",,"216,000.00",
,4/3/2023,Наадам маркет,"86,400.00",,"86,400.00",
,4/4/2023,Наадам маркет,"159,680.00",,"159,680.00",
2--20,4/25/2023,Наадам маркет,"360,000.00",,"360,000.00",
,4/6/2023,Хотол органик,"729,120.00","158,400.00","570,720.00",
2--24,4/28/2023,Энхтайван,"188,480.00",,"188,480.00",
Падаан,Огноо,Харилцагч,Бараа,Хүргэлт,төлөх дүн,
,1/3/2023,Хувь хүнд ,57600,,,
,1/4/2023,Хувь хүнд ,135800,,,
,1/5/2023,Хувь хүнд ,180000,,,
,1/5/2023,Хувь хүнд ,86400,,,
,2/15/2023,Хувь хүнд ,100800,,,
,3/17/2023,Хувь хүнд ,43200,,,
,3/18/2023,Хувь хүнд ,48000,,,
,3/21/2023,Хувь хүнд ,115000,,,
,3/27/2023,Хувь хүнд ,43200,,,
,3/1/2023,Хувь хүнд ,86000,,,
,3/2/2023,Хувь хүнд ,"129,400.00",,,
,3/3/2023,Хувь хүнд ,86000,,,
,3/4/2023,Хувь хүнд ,301000,,,
,3/4/2023,Хувь хүнд ,43000,,,
,3/9/2023,Хувь хүнд ,,,,
,3/11/2023,Хувь хүнд ,86000,,,
,3/12/2023,Хувь хүнд ,86000,,,
,3/13/2023,Хувь хүнд ,"86,200.00",,,
,3/14/2023,Хувь хүнд ,57600,,,
,3/14/2023,Хувь хүнд ,100600,,,
,4/4/2023,Хувь хүнд ,86400,,,
,4/5/2023,Хувь хүнд ,71800,,,
,4/5/2023,Хувь хүнд ,28800,,,
,4/9/2023,Хувь хүнд ,141200,,153400,
,4/10/2023,Хувь хүнд ,172800,,,
,4/10/2023,Хувь хүнд ,397920,,,
,4/15/2023,Хувь хүнд ,129200,,,
,4/18/2023,Хувь хүнд ,86000,,,
,4/19/2023,Хувь хүнд ,129600,,,
,4/19/2023,Хувь хүнд ,134600,,,
,4/23/2023,Хувь хүнд ,100800,,,
,4/27/2023,Хувь хүнд ,139400,,,
2--25,4/25/2023,Хувь хүнд ,86200,,,
,1/21/2023,Бэлэг,172800,,,
,1/27/2023,Оффис,151840,,,
,3/30/2023,амталгаа,14400,,,
,4/6/2023,Бэлэг,28800,,,
3168,1/5/2023,bsb андууд,"187,200.00","14,400.00",,
3233,1/13/2023,bsb аманхуур,"532,800.00",,,
3241,1/15/2023,bsb андууд,"331,200.00","100,800.00",,
3302,1/23/2023,bsb аманхуур,"460,800.00","28,800.00",,
3342,1/30/2023,bsb андууд,"115,200.00","115,200.00",,
3378,2/4/2023,bsb аманхуур,"446,400.00","43,200.00",,
3437,2/16/2023,bsb аманхуур,"388,800.00","14,400.00",,
3496,3/4/2023,bsb аманхуур,"288,000.00","57,600.00",,
3502,3/6/2023,bsb андууд,"345,600.00","115,200.00",,
3595,3/22/2023,bsb аманхуур,"288,000.00","43,200.00",,
3625,3/27/2023,bsb аманхуур,"230,400.00",,,
2621,3/27/2023,BSB anduud,"374,400.00","86,400.00",,
3747,4/21/2023,bsb аманхуур,"187,200.00","72,000.00",,
3203,1/11/2023,Нарны хороолол,"273,600.00","72,000.00",,
3248,1/16/2023,Шинэ яармаг,"360,000.00","28,800.00",,
3303,1/23/2023,Амгалан,"345,600.00","144,000.00",,
,1/26/2023,Villa,,"72,000.00",,
3335,1/30/2023,Нарны хороолол,"331,200.00","86,400.00",,
3388,2/8/2023,Цамба,"619,200.00",,,
3395,2/9/2023,M mart Shine yarmag,"518,400.00",,,
3392,2/9/2023,M mart Villa,"345,600.00","100,800.00",,
3404,2/10/2023,M mart багшийн дээд,"360,000.00",,,
3408,2/10/2023,M mart элеганс,"532,800.00",,,
3417,2/11/2023,Нарны хороолол,"288,000.00",,,
3419,2/13/2023,M mart tedy,"172,800.00","57,600.00",,
,3/10/2023,Амгалан,,"259,200.00",,
3524,3/11/2023,Нарны хороолол,"331,200.00","43,200.00",,
3529,3/13/2023,Цамба,"360,000.00","57,600.00",,
3597,3/22/2023,Амгалан,"144,000.00","201,600.00",,
,3/27/2023,Цамба,,"100,800.00",,
3651,4/3/2023,M mart Shine yarmag,"662,400.00","115,200.00",,
3648,,M mart Villa,"446,400.00","158,400.00",,
3672,4/6/2023,Нарны хороолол,"288,000.00","43,200.00",,
,4/13/2023,Цамба,"129,600.00","86,400.00",,
,4/19/2023,Нарны хороолол,"374,400.00",,,
,4/26/2023,Нарны хороолол,216000,14400,,
,4/26/2023,Нарны хороолол,446400,14400,,
,4/26/2023,Нарны хороолол,187200,57600,,
,4/27/2023,Хан-Уул,86400,,,
,4/27/2023,M mart багшийн дээд,,"201,600.00",-,
3173,1/5/2023,наран зайсан,"230,400.00",,,
3166,,наран төмөр зам,"633,600.00",129600,,
3181,1/6/2023,Наран маршал,"259,200.00","115,200.00",,
3216,1/12/2023,Наран 13,"403,200.00","43,200.00",,
3265,1/19/2023,наран төмөр,"576,000.00","86,400.00",,
3276,1/20/2023,Наран 13,"302,400.00","14,400.00",,
3312,1/26/2023,Наран 13,"302,400.00","86,400.00",,
3343,1/30/2023,наран төмөр,"172,800.00",,83333.33333,
3360,2/2/2023,Наран зайсан,"316,800.00",,,
3380,2/4/2023,Наран 13,"374,400.00","28,800.00",,
3406,2/10/2023,наран төмөр,"662,400.00","57,600.00",,
3443,2/16/2023,Наран 13,"187,200.00","14,400.00",,
3485,3/3/2023,Наран зайсан,"100,800.00","57,600.00",,
3493,3/4/2023,Наран-Маршал,"86,400.00","172,800.00",,
3495,3/4/2023,Наран-Place 13-р хор,"316,800.00","28,800.00",,
3503,3/6/2023,наран төмөр,"388,800.00",,,
3536,3/13/2023,Наран-Place 13-р хор,"172,800.00",,,
3556,3/17/2023,наран төмөр,"403,200.00","14,400.00",,
3587,3/22/2023,Наран-Place 13-р хор,"590,400.00","158,400.00",,
3602,3/24/2023,Наран зайсан,"288,000.00","201,600.00",,
3620,3/27/2023,наран төмөр,"360,000.00","100,800.00","125,000.00",
3664,4/6/2023,Наран-Маршал,"216,000.00",,,
3658,4/6/2023,Наран-Place 13-р хор,"518,400.00","14,400.00",,
3668,4/7/2023,наран төмөр,"489,600.00",72000,,
3737,4/20/2023,Наран-Place 13-р хор,"504,000.00",14400,,
9/17/1908,1/6/2023,Ореш 2,"172,800.00",,,
,1/9/2023,Ореш 1,-,"14,400.00",,
10/19/1908,1/12/2023,Ореш 1,"244,800.00",,,
3214,1/12/2023,Ореш 2,"316,800.00",,,
3256,1/18/2023,Ореш 1,"72,000.00",,,
3257,1/18/2023,Ореш 2,"86,400.00","28,800.00",,
3291,1/23/2023,Ореш 2,"489,600.00","57,600.00",,
3310,1/26/2023,Ореш 1,"360,000.00",,,
3333,1/30/2023,Ореш 2,"331,200.00","28,800.00",,
3356,2/2/2023,Ореш 1,"72,000.00",,,
3374,2/4/2023,Ореш 1,"302,400.00",,,
3375,,Ореш 2,"360,000.00","14,400.00",,
3423,2/13/2023,Ореш 1,"374,400.00","28,800.00",,
3429,2/13/2023,Ореш 2,"504,000.00","14,400.00",,
,2/17/2023,Ореш 1,"829,200.00",,,
3451,2/18/2023,Ореш 2,"374,400.00",,,
3473,3/2/2023,Ореш 2,"302,400.00",,,
3490,3/4/2023,Ореш дэлгэрэх,"676,800.00",,,
3514,3/10/2023,Ореш 2,"417,600.00",,,
3577,3/20/2023,Ореш дэлгэрэх,"360,000.00",,-,
3592,3/22/2023,Ореш 1,"547,200.00","28,800.00",,
3591,3/22/2023,Ореш 2,"417,600.00","43,200.00",,
3631,3/30/2023,Ореш 1,"489,600.00","14,400.00",,
3630,3/30/2023,Ореш 2,"417,600.00","28,800.00",,
3661,4/6/2023,Ореш 1,"417,600.00","57,600.00",,
3662,4/6/2023,Ореш 2,"302,400.00",,,
3667,4/7/2023,Ореш дэлгэрэх,"172,800.00",,,
,4/10/2023,Ореш 1,"158,400.00",,,
,4/15/2023,Ореш 2,"417,600.00",,,
3729,4/19/2023,Ореш 1,"590,400.00",14400,,
3745,4/21/2023,Ореш 2,"676,800.00",,,
,4/27/2023,Oresh 1,"547,200.00",,,
,4/27/2023,Oresh 2,"446,400.00","28,800.00",,